/html/body/div[5]/div/a[1],Die freie Enzyklop�die
/html/body/div[5]/div/a[2],the free encyclopedia
/html/body/div[5]/div/a[3],la enciclopedia libre
/html/body/div[5]/div/a[4],l''encyclop�die libre
/html/body/div[5]/div/a[5],l''enciclopedia libera
/html/body/div[5]/div/a[6],de vrije encyclopedie
/html/body/div[5]/div/a[7],wolna encyklopedia
/html/body/div[5]/div/a[8],\u0441\u0432\u043E\u0431\u043E\u0434\u043D\u0430\u044F \u044D\u043D\u0446\u0438\u043A\u043B\u043E\u043F\u0435\u0434\u0438\u044F
/html/body/div[5]/div/a[9],Wikipedia
/html/body/div[5]/div/a[10],den fria encyklopedin
/html/body/div[5]/div/a[11],b�ch khoa to�n th\u01B0 m\u1EDF
/html/body/div[5]/div/a[12],b�ch khoa to�n th\u01B0 m\u1EDF
/html/body/div[6]/div/a[1]/bdi,Wikipedia
/html/body/div[6]/div/a[2],\u0648\u064A\u0643\u064A\u0628\u064A\u062F\u064A\u0627\u060C \u0627\u0644\u0645\u0648\u0633\u0648\u0639\u0629 \u0627\u0644\u062D\u0631\u0629
/html/body/div[6]/div/a[3],Vikipediya
/html/body/div[6]/div/a[4],\u0423\u0438\u043A\u0438\u043F\u0435\u0434\u0438\u044F
/html/body/div[6]/div/a[5],Viquip�dia
/html/body/div[6]/div/a[6],otev\u0159en� encyklopedie
/html/body/div[6]/div/a[7],den frie encyklop�di
/html/body/div[6]/div/a[8],Vikipeedia
/html/body/div[6]/div/a[9],\u0392\u03B9\u03BA\u03B9\u03C0\u03B1\u03AF\u03B4\u03B5\u03B9\u03B1
/html/body/div[6]/div/a[10],Vikipedio
/html/body/div[6]/div/a[11],Wikipedia
/html/body/div[6]/div/a[12],\u0648\u06CC\u06A9\u06CC\u200C\u067E\u062F\u06CC\u0627\u060C \u062F\u0627\u0646\u0634\u0646\u0627\u0645\u0647\u0654 \u0622\u0632\u0627\u062F
/html/body/div[6]/div/a[13],a enciclopedia libre
/html/body/div[6]/div/a[14],\uC6B0\uB9AC \uBAA8\uB450\uC758 \uBC31\uACFC\uC0AC\uC804
/html/body/div[6]/div/a[15],\u054E\u056B\u0584\u056B\u057A\u0565\u0564\u056B\u0561\u055D \u0561\u0566\u0561\u057F \u0570\u0561\u0576\u0580\u0561\u0563\u056B\u057F\u0561\u0580\u0561\u0576
/html/body/div[6]/div/a[16],\u0935\u093F\u0915\u093F\u092A\u0940\u0921\u093F\u092F\u093E
/html/body/div[6]/div/a[17],Wikipedija
/html/body/div[6]/div/a[18],ensiklopedia bebas
/html/body/div[6]/div/a[19],\u05D5\u05D9\u05E7\u05D9\u05E4\u05D3\u05D9\u05D4
/html/body/div[6]/div/a[20],Vicipaedia
/html/body/div[6]/div/a[21],Vikipedija
/html/body/div[6]/div/a[22],a szabad enciklop�dia
/html/body/div[6]/div/a[23],ensiklopedia bebas
/html/body/div[6]/div/span/a[1],bahaso Minang
/html/body/div[6]/div/span/a[2],Wikipedia
/html/body/div[6]/div/a[25],det frie oppslagsverket
/html/body/div[6]/div/a[26],Vikipediya
/html/body/div[6]/div/a[27],a enciclop�dia livre
/html/body/div[6]/div/a[28],\u0423\u0438\u043A\u0438\u043F\u0435\u0434\u0438\u044F
/html/body/div[6]/div/a[29],Wikipedia
/html/body/div[6]/div/a[30],Wikipedia
/html/body/div[6]/div/a[31],Wikip�dia
/html/body/div[6]/div/a[32],Wikipedija
/html/body/div[6]/div/a[33],\u0412\u0438\u043A\u0438\u043F\u0435\u0434\u0438\u0458\u0430
/html/body/div[6]/div/a[34],Wikipedia
/html/body/div[6]/div/a[35],vapaa tietosanakirja
/html/body/div[6]/div/a[36],�zg�r Ansiklopedi
/html/body/div[6]/div/a[37],\u0412\u0456\u043A\u0456\u043F\u0435\u0434\u0456\u044F
/html/body/div[6]/div/a[38],V�kiped
/html/body/div[7]/div/a[1],Wikipedia
/html/body/div[7]/div/a[2],\u7EF4\u57FA\u767E\u79D1\uFF0C\u81EA\u7531\u7684\u767E\u79D1\u5168\u4E66
/html/body/div[7]/div/a[3],Alemannische
/html/body/div[7]/div/a[4],\u12CD\u12AD\u1354\u12F2\u12EB
/html/body/div[7]/div/a[5],Biquipedia
/html/body/div[7]/div/a[6],Uiquipedia
/html/body/div[7]/div/a[7],Wikipedya
/html/body/div[7]/div/a[8],\u098F\u0995\u099F\u09BF \u09AE\u09C1\u0995\u09CD\u09A4 \u09AC\u09BF\u09B6\u09CD\u09AC\u0995\u09CB\u09B7
/html/body/div[7]/div/a[9],B�n-l�m-g� \u2013 Ch\u016B-i� � Pek-kho-cho�n-su
/html/body/div[7]/div/a[10],Wikipedia
/html/body/div[7]/div/span/a[1],\u0412\u0438\u043A\u0438\u043F\u0435\u0434\u0438\u044F
/html/body/div[7]/div/span/a[2],\u0412\u0456\u043A\u0456\u043F\u0435\u0434\u044B\u044F
/html/body/div[7]/div/a[11],\u0412\u0456\u043A\u0456\u043F\u044D\u0434\u044B\u044F
/html/body/div[7]/div/a[12],\u0989\u0987\u0995\u09BF\u09AA\u09BF\u09A1\u09BF\u09AF\u09BC\u09BE
/html/body/div[7]/div/a[13],Boarische Wikipedia
/html/body/div[7]/div/a[14],Wikipedia
/html/body/div[7]/div/a[15],Wikipedia
/html/body/div[7]/div/a[16],\u0412\u0438\u043A\u0438\u043F\u0435\u0434\u0438
/html/body/div[7]/div/a[17],Wicipedia
/html/body/div[7]/div/a[18],Wikipedia
/html/body/div[7]/div/a[19],Wikipedy
/html/body/div[7]/div/a[20],Vicip�id
/html/body/div[7]/div/a[21],Uicipeid
/html/body/div[7]/div/a[22],\u0AB5\u0ABF\u0A95\u0ABF\u0AAA\u0AC0\u0AA1\u0ABF\u0AAF\u0ABE
/html/body/div[7]/div/a[23],Wikipedio
/html/body/div[7]/div/a[24],Wikipedia
/html/body/div[7]/div/a[25],frj�lsa alfr��iriti�
/html/body/div[7]/div/a[26],Wikipedia
/html/body/div[7]/div/a[27],\u0CB5\u0CBF\u0C95\u0CBF\u0CAA\u0CC0\u0CA1\u0CBF\u0CAF
/html/body/div[7]/div/a[28],\u10D7\u10D0\u10D5\u10D8\u10E1\u10E3\u10E4\u10D0\u10DA\u10D8 \u10D4\u10DC\u10EA\u10D8\u10D9\u10DA\u10DD\u10DE\u10D4\u10D3\u10D8\u10D0
/html/body/div[7]/div/a[29],W�k�pediya
/html/body/div[7]/div/a[30],Wikipedia
/html/body/div[7]/div/a[31],Vikip\u0113dija
/html/body/div[7]/div/a[32],Wikipedia
/html/body/div[7]/div/a[33],Wikipedia
/html/body/div[7]/div/a[34],\u0412\u0438\u043A\u0438\u043F\u0435\u0434\u0438\u0458\u0430
/html/body/div[7]/div/a[35],Wikipedia
/html/body/div[7]/div/a[36],\u0D35\u0D3F\u0D15\u0D4D\u0D15\u0D3F\u0D2A\u0D40\u0D21\u0D3F\u0D2F
/html/body/div[7]/div/a[37],\u0935\u093F\u0915\u093F\u092A\u0940\u0921\u093F\u092F\u093E
/html/body/div[7]/div/a[38],\u0648\u064A\u0643\u064A\u0628\u064A\u062F\u064A\u0627
/html/body/div[7]/div/a[39],\u0648\u06CC\u06A9\u06CC\u200C\u067E\u062F\u06CC\u0627\u060C \u0622\u0632\u0627\u062F \u062F\u0627\u0646\u0634\u0646\u0648\u0645\u0647
/html/body/div[7]/div/a[40],\u0412\u0438\u043A\u0438\u043F\u0435\u0434\u0438\u0430
/html/body/div[7]/div/a[41],Wikipedia
/html/body/div[7]/div/a[42],Huiquipedia
/html/body/div[7]/div/a[43],Wikipedia
/html/body/div[7]/div/a[44],\u0935\u093F\u0915\u093F\u092A\u0940\u0921\u093F\u092F\u093E
/html/body/div[7]/div/a[45],Wikipedia
/html/body/div[7]/div/a[46],\u0412\u0438\u043A\u0438\u043F\u0435\u0434\u0438
/html/body/div[7]/div/a[47],Wikip�dia
/html/body/div[7]/div/a[48],\u0A07\u0A15 \u0A05\u0A1C\u0A3C\u0A3E\u0A26 \u0A35\u0A3F\u0A38\u0A3C\u0A35\u0A17\u0A3F\u0A06\u0A28\u0A15\u0A4B\u0A38\u0A3C
/html/body/div[7]/div/a[49],Wikipedia
/html/body/div[7]/div/a[50],dat fre''e Nakieksel
/html/body/div[7]/div/a[51],Wikipedia
/html/body/div[7]/div/a[52],\u935\u093F\u0915\u093F\u092A\u0940\u0921\u093F\u092F\u093E
/html/body/div[7]/div/a[53],\u411\u0438\u043A\u0438\u043F\u0438\u044D\u0434\u044C\u0438\u0439\u044D
/html/body/div[7]/div/a[54],Wikipedia
/html/body/div[7]/div/a[55],Wikipedia
/html/body/div[7]/div/a[56],Wikipedia
/html/body/div[7]/div/a[57],Wikipedia
/html/body/div[7]/div/a[58],\u0DB1\u0DD2\u0DAF\u0DC4\u0DC3\u0DCA \u0DC0\u0DD2\u0DC1\u0DCA\u0DC0\u0D9A\u0DDD\u0DC2\u0DBA
/html/body/div[7]/div/a[59],\u0648\u06CC\u06A9\u06CC\u067E\u06CC\u062F\u06CC\u0627\u060C \u0626\u06CC\u0646\u0633\u0627\u06CC\u06A9\u06B5\u06C6\u067E\u06CC\u062F\u06CC\u0627\u06CC \u0626\u0627\u0632\u0627\u062F
/html/body/div[7]/div/a[60],Wikipedia
/html/body/div[7]/div/a[61],Wikipedia
/html/body/div[7]/div/a[62],ang malayang ensiklopedya
/html/body/div[7]/div/a[63],\u0BB5\u0BBF\u0B95\u0BCD\u0B95\u0BBF\u0BAA\u0BCD\u0BAA\u0BC0\u0B9F\u0BBF\u0BAF\u0BBE
/html/body/div[7]/div/a[64],Wikipedia
/html/body/div[7]/div/a[65],\uC35\u0C3F\u0C15\u0C40\u0C2A\u0C40\u0C21\u0C3F\u0C2F\u0C3E
/html/body/div[7]/div/a[66],\u12\u0438\u043A\u0438\u043F\u0435\u0434\u0438\u0430
/html/body/div[7]/div/a[67],\uE27\u0E34\u0E01\u0E34\u0E1E\u0E35\u0E40\u0E14\u0E35\u0E22 \u0E2A\u0E32\u0E23\u0E32\u0E19\u0E38\u0E01\u0E23\u0E21\u0E40\u0E2A\u0E23\u0E35
/html/body/div[7]/div/a[68],Wikipedia
/html/body/div[7]/div/a[69],\u648\u06CC\u06A9\u06CC\u067E\u06CC\u0688\u06CC\u0627
/html/body/div[7]/div/a[70],Wikipedia
/html/body/div[7]/div/a[71],Wikipedia
/html/body/div[7]/div/a[72],\u5F0\u05D9\u05E7\u05D9\u05E4\u05BC\u05E2\u05D3\u05D9\u05E2
/html/body/div[7]/div/a[73],Wikipedia
/html/body/div[7]/div/a[74],\u7DAD\u57FA\u767E\u79D1\uFF0C\u81EA\u7531\u5605\u767E\u79D1\u5168\u66F8
